text,label
Late arrival by more than 10 minutes will lead to marked absence in the attendance register.,Attendance
The placement cell announces an on-campus internship screening test for Amazon AWS Cloud Interns.,Internship
Intel is inviting online applications for Summer Hardware and Verification Intern positions.,Internship
The final compiled attendance register for the semester has been submitted to the principal's office.,Attendance
Texas Instruments is hiring Graduate Technical Interns for embedded systems and analog design.,Internship
Submit the design document and ER diagrams for your software engineering team project.,Assignment
Students appearing for the backlog exams must verify their subject codes on the hall ticket.,Exam
Formula sheets and non-programmable calculators will be allowed in the Applied Statistics exam.,Exam
Students caught using unfair means during semester examinations will face disciplinary action.,Exam
Complete and submit the Web Development assignment on responsive design by Wednesday noon.,Assignment
Cisco is hiring Network Engineering Interns; eligible third-year students can apply online.,Internship
Submit the software requirements specification SRS document for the web development project.,Assignment
Paid internship opportunity available for Flutter developers at an ed-tech startup in Bangalore.,Internship
Students appearing for the competitive scholarship test must bring their admit cards tomorrow.,Exam
Engineering Graphics end-term drawing sheet examination will commence at 9:00 AM sharp.,Exam
Google Summer of Code mentorship session will be conducted this Saturday for prospective applicants.,Internship
All students must carry their college ID cards and hall tickets during the final examinations.,Exam
Internship Drive: Microsoft India is inviting applications for Research Intern positions in Hyderabad.,Internship
Research assistant intern positions available in Robotics and Computer Vision Laboratory.,Internship
Please submit the hard copy of your Theory of Computation tutorial sheet to the subject faculty.,Assignment
The Photography and Media Club is organizing an inter-college photography exhibition and contest.,Event
Class attendance percentages below 60% will require a formal parent-teacher conference meeting.,Attendance
Attendance for the mandatory career training workshop will be recorded at the beginning and end.,Attendance
The schedule for the third internal assessment test for mechanical engineering has been updated.,Exam
Hall tickets for the upcoming University Board Examinations can be collected from the administration office.,Exam
The Department of Information Technology invites you to the National Level Hackathon Innovate 2025.,Event
Seating matrix for the upcoming university theory examinations is displayed on the main notice board.,Exam
The college placement cell has released the schedule for the upcoming campus internship drive.,Internship
Placement cell alert: Barclays is hiring Technology Summer Interns for their Pune technology center.,Internship
The university mandates strict 80% physical attendance for practical laboratory courses.,Attendance
IBM is offering full-time winter internship opportunities for cloud and quantum computing domains.,Internship
Attendance in morning laboratory sessions is strictly compulsory and cannot be compensated in other batches.,Attendance
Final project defense and external viva exam schedule will be shared by the academic coordinator.,Exam
Qualcomm hardware engineering internship test will be held this Saturday at 10:00 AM.,Internship
The Cultural Club invites auditions for the annual musical drama production and band competition.,Event
Submit your Natural Language Processing assignment on tokenization and lemmatization by Monday.,Assignment
Submit the weekly Software Engineering case study assignment via the department portal.,Assignment
Join the Department of Electronics for the guest lecture on 5G/6G Wireless Communication systems.,Event
The schedule for the unit test series in Applied Mathematics has been circulated to class groups.,Exam
The Music Society is hosting an acoustic open mic and band performance night in the campus garden.,Event
Annual College Fest 'Aura 2025' celebrity night passes can be collected from student council desk.,Event
Submit the printed copy of your Chemistry lab record to the subject in-charge by Friday noon.,Assignment
Apply for the 3-month UI/UX Product Design Internship at an early-stage venture capital firm.,Internship
The deadline for submitting the Operating Systems process scheduling homework has been extended by two days.,Assignment
Warning notices regarding attendance default have been dispatched to registered parent addresses.,Attendance
Submit your case study assignment on industrial supply chain optimization by Friday afternoon.,Assignment
The mid-semester evaluation for major project phase 2 will be held before the external examiner panel.,Exam
IEEE Student Branch presents a two-day workshop on Embedded Systems and IoT Prototyping.,Event
The Annual Sports Meet 2025 registrations are now open for indoor and outdoor sports competitions.,Event
All students must maintain at least 75 percent attendance to be eligible for the semester examinations.,Attendance
Students seeking off-campus internship NOC clearance must submit the employer offer letter.,Internship
Submit your answers for the tutorial on differential equations and Laplace transforms.,Assignment
The Annual Inter-College Cricket and Football Tournament registrations are now open.,Event
Grand Music and Dance Night will be held on the college campus ground this Saturday.,Event
Students with severe attendance shortage must attend mandatory weekend extra remedial sessions.,Attendance
No attendance credit will be given for proxy attendance or late arrivals exceeding 15 minutes.,Attendance
Class representatives are requested to submit the weekly lecture attendance summary sheets.,Attendance
Important announcement: The Mathematics II examination previously scheduled for Tuesday has been postponed.,Exam
Reminder to submit the Computer Graphics transformation assignment before the portal closes.,Assignment
Students marked absent during morning roll call must present a valid medical certificate to the HOD.,Attendance
Daily attendance will be recorded using biometric scanners starting from next Monday.,Attendance
Students with attendance below 65 percent must meet their academic counselors before the end of the week.,Attendance
Final submission reminder for the Object-Oriented Programming Java project repository.,Assignment
The monthly subject-wise attendance summary for September is available on the student dashboard.,Attendance
Faculty members will take attendance five minutes after the start of every lecture.,Attendance
Department of Management Studies is organizing an inter-college Business Plan Pitch competition.,Event
The Annual Inter-College Technical Debate and Quiz Championship 2025 will be held this Friday.,Event
All students must commit their latest code to the GitHub repository for the mobile app assignment.,Assignment
The Fine Arts Club invites all students to participate in the Canvas and Poster Painting competition.,Event
The digital signal processing practical exam will be conducted in DSP Lab 2 on Wednesday.,Exam
The portal is now open for submitting assignment 3 on deep learning convolutional neural networks.,Assignment
Adobe is conducting an online assessment test for Women in Tech Research Internship 2026.,Internship
All students must verify their exam registration details before the hall ticket generation deadline.,Exam
Computer Networks programming assignment 3 is now live; submit your repository link on Moodle.,Assignment
Final call to submit all pending laboratory assignments before the internal marks lock date.,Assignment
Join the Department of Computer Engineering for the Cloud Computing and DevOps Summit.,Event
Selected interns for the DRDO research internship program must report for background verification.,Internship
The remedial examination form filling window closes tomorrow at 5:00 PM on the university portal.,Exam
Please verify your subject attendance on the college app and report discrepancies to the admin office.,Attendance
Attendance records for the laboratory sessions will be verified prior to signing the term work journal.,Attendance
The mid-term examination for Data Structures and Algorithms will be held in Hall A on Monday at 10 AM.,Exam
Attendance during industrial training and field study visits carries weightage in overall evaluation.,Attendance
Annual Convocation Ceremony for graduating batch 2025 will be held on December 18th.,Event
Entrepreneurship Cell is hosting an interactive workshop on Startup Pitching and Seed Funding.,Event
Final year viva-voce and dissertation evaluation for postgraduate students will start from next Monday.,Exam
Submit your group assignment solutions for Algorithm Complexity Analysis via the student portal.,Assignment
Upload your recorded video presentation and slide deck for the professional communication assignment.,Assignment
Youth Leadership Summit 2025 featuring prominent startup founders scheduled for next Tuesday.,Event
Frontend Developer internship program with pre-placement offer available for pre-final year students.,Internship
Subject-wise attendance deficiency lists have been emailed to students and their respective proctors.,Attendance
The Annual Cultural Festival Tarang 2025 will take place from October 15th to October 17th in the main auditorium.,Event
Alumni Homecoming and Mentorship Meet will be celebrated on the college campus this weekend.,Event
Apply for the 6-month paid internship in Full Stack MERN Development at an ed-tech company.,Internship
Faculty members will conduct physical roll call during every tutorial and practical class.,Attendance
Accenture is conducting an on-campus pre-placement talk and summer internship screening test tomorrow.,Internship
Full-stack web development summer internship applications close at 5:00 PM today.,Internship
Please upload the solved problems of Circuit Theory assignment 3 in PDF format on LMS.,Assignment
Goldman Sachs is organizing an on-campus hiring drive for Summer Analyst Interns 2026.,Internship
Robotics Club is hosting an introductory workshop on Arduino and IoT systems this Wednesday.,Event
Sample question papers and blueprint for the Artificial Intelligence end-sem examination are available online.,Exam
Submit your Machine Learning lab assignment before Friday at 11:59 PM.,Assignment
Exam rules reminder: Smart watches and mobile phones are strictly forbidden inside examination halls.,Exam
The submission window for the distributed systems assignment 2 will close tonight at midnight.,Assignment
Submit your Artificial Intelligence assignment on A* search and alpha-beta pruning by Wednesday.,Assignment
Students failing to meet the minimum 75 percent attendance criterion will be placed on the defaulters list.,Attendance
Apply for the Data Analyst Internship with stipend at a top FinTech startup in Pune.,Internship
Submit the literature survey report for your major project to your assigned project guide by Thursday.,Assignment
Duty leave attendance approval requests must be endorsed by the faculty club coordinator.,Attendance
Collection of grade cards and re-evaluation marksheets for final year students starts next week.,Exam
J.P. Morgan Chase is organizing the summer internship recruitment and fellowship drive.,Internship
Attendance percentage for the current semester is now updated and viewable on the ERP portal.,Attendance
Infosys is hiring winter interns for Cloud Engineering; interested candidates must submit their resumes by tomorrow.,Internship
Don't forget to submit the Python Data Analysis homework notebook before the grading deadline.,Assignment
Upload the completed Python pandas data wrangling homework on the department classroom.,Assignment
Viva-voce examination for the Compiler Design practical course will be held on Friday morning.,Exam
Daily lecture attendance will be locked by the subject faculty 10 minutes after class begins.,Attendance
Women in Engineering affinity group invites all students to the Leadership and Mentorship Summit.,Event
Submit the final simulation report and MATLAB code for the Control Systems laboratory course.,Assignment
Upload your Database Management Systems mini-project report in PDF format on Google Classroom.,Assignment
Official duty leave for attending national conferences will be considered only with valid attendance proofs.,Attendance
The Annual Environmental Sustainability Fair and Green Energy Exhibition opens this Thursday.,Event
Attendance shortage notices have been sent to parent contact numbers via SMS.,Attendance
The Department of Mechanical Engineering is organizing an industrial robotics and CAD design contest.,Event
Complete the quiz and programming homework on binary search trees before tomorrow midnight.,Assignment
Reminder: Microcontroller lab assignment 2 grading will take place during tomorrow's lab session.,Assignment
Internal Assessment Test 2 will commence from the third week of next month.,Exam
E-Summit 2025: Participate in the Startup Pitch Deck and Angel Investor Round table.,Event
Students participating in NSS/NCC activities can apply for attendance condonation with proper proof.,Attendance
Practical examination timetable for Semester 5 laboratory courses has been updated on the notice board.,Exam
Biometric attendance machines have been installed on all floors; students must punch in before 9:15 AM.,Attendance
The Literature and Quiz Society announces the Annual Open Campus Quiz Championship 2025.,Event
Coding contest 'CodeSprint 2025' will take place on HackerRank this Sunday from 2 PM to 5 PM.,Event
Please upload the solved exercises of Digital Logic Design chapter 5 to the Google Drive folder.,Assignment
TEDx Campus event ticket booking is now live on the student activities portal.,Event
Guest lecture on Generative AI and Large Language Models by industry experts scheduled for Thursday.,Event
University examination instructions: Calculators with text storage capabilities are not permitted.,Exam
The tentative dates for winter 2025 semester end examinations are scheduled from December 1st.,Exam
The re-evaluation portal for Semester 6 end-term examinations will remain open until Friday.,Exam
Supplementary exam results for all engineering branches have been declared online.,Exam
Registrations are now open for the National Space and Astronomy Workshop 2025.,Event
Students must upload their UI/UX Figma prototypes for the human-computer interaction assignment.,Assignment
Medical leave certificates for attendance compensation must be submitted within three days of joining.,Attendance
The semester backlog theory examination form link is now active on the university examination portal.,Exam
Join the Department of Computer Science for the Alumni Networking Gala this Saturday evening.,Event
Biometric attendance punching is mandatory at both morning entry and evening exit gates.,Attendance
Applications are invited for the 6-month Software Engineering Internship at Oracle IDC.,Internship
Seating arrangements and roll numbers for tomorrow's Physics examination have been posted outside Room 302.,Exam
Cybersecurity research lab is offering two paid research assistantships for post-graduate students.,Internship
Paid Machine Learning Research Internship available at IIT Bombay AI Research Laboratory.,Internship
Registration for HackFest 2025 annual national technical hackathon is officially open.,Event
The college attendance tracking system will send automated alert emails to students with low attendance.,Attendance
Selected students for the L&T campus internship interview round have received an email with their interview slots.,Internship
Submit the weekly physics laboratory manual with completed graphs and observation tables.,Assignment
Samsung R&D Institute is hiring Software Engineer Interns for their Bangalore research center.,Internship
The Annual Blood Donation Camp is scheduled for tomorrow at the campus health center.,Event
Applications for the Summer AI and Data Science Internship at TCS are now open for final year students.,Internship
Viva-voce schedule for the Final Year Capstone Project Phase 1 has been displayed on the notice board.,Exam
The re-evaluation and supplementary examination dates for Semester 4 subjects have been declared.,Exam
Morgan Stanley internship registration link is live on the department placement portal.,Internship
The training and placement cell announces the opening of Deloitte summer consulting internships.,Internship
